{
  "knot_1": 9,
  "knot_2": null,
  "slope_1": 33.08064789190952,
  "slope_2": 91.39826252102665
}