{
  "knots": [
    0.026598812553011025,
    0.8073846153846154,
    1.6186604774535809,
    2.3640624999999997,
    4.430536480686696
  ],
  "pelt_breakpoints": [
    0.026598812553011025,
    0.04995,
    0.06568181818181819,
    0.10103448275862069,
    0.11024390243902438,
    0.12429558011049723,
    0.1518312985571587,
    0.16648406374501992,
    0.18078947368421053,
    0.19036832412523022,
    0.212332361516035,
    0.23569190600522194,
    0.2604198473282443,
    0.2690342405618964,
    0.30058976582827407,
    0.33691818181818184,
    0.3522771213748658,
    0.3661122367243085,
    0.3851009174311927,
    0.41242622950819674,
    0.4490189873417721,
    0.46833755274261607,
    0.48877086494688926,
    0.49954629629629627,
    0.5208182912154031,
    0.5516070933776669,
    0.5671069182389937,
    0.5798256537982566,
    0.6085176991150443,
    0.6149546743785107,
    0.6435768261964736,
    0.659990366088632,
    0.6801576182136603,
    0.6946382978723404,
    0.7112743272185492,
    0.7326858108108109,
    0.7553611111111111,
    0.77104,
    0.7910483870967742,
    0.8073846153846154,
    0.8185310734463277,
    0.8319040000000001,
    0.8515945945945945,
    0.8719488817891374,
    0.8942346089850248,
    0.9206169665809768,
    0.9349210903873745,
    0.9478902953586498,
    0.9731740614334471,
    0.9806679574056147,
    1.006958762886598,
    1.0366904761904763,
    1.047441340782123,
    1.0608669833729216,
    1.0948630136986301,
    1.1186089813800657,
    1.1271551075673236,
    1.1413204225352112,
    1.1895071868583162,
    1.2124353876739562,
    1.2462222222222221,
    1.2961990950226243,
    1.340456081081081,
    1.3464525407478427,
    1.3657779980178393,
    1.3812660944206008,
    1.409244875943905,
    1.4360416666666667,
    1.45916,
    1.475644090305445,
    1.4915195369030392,
    1.519178674351585,
    1.5421715328467154,
    1.554916142557652,
    1.5708225806451612,
    1.5760547504025766,
    1.5912545787545789,
    1.6041115879828325,
    1.6186604774535809,
    1.6356919642857142,
    1.644057803468208,
    1.660722891566265,
    1.672705078125,
    1.7037299035369775,
    1.7324934152765583,
    1.7568235294117647,
    1.770189933523267,
    1.7857182320441987,
    1.813063829787234,
    1.8175628140703517,
    1.8279783037475346,
    1.8399131944444445,
    1.85691466083151,
    1.8788767812238056,
    1.8902246181491467,
    1.911098901098901,
    1.9329657228017882,
    1.9440073868882735,
    1.954174917491749,
    1.994316384180791,
    2.031094890510949,
    2.0477370030581037,
    2.0650789713057143,
    2.086774530271399,
    2.108874709976798,
    2.135666666666667,
    2.144079110012361,
    2.165683720930233,
    2.1859885386819484,
    2.2128077753779696,
    2.219282786885246,
    2.2294495412844038,
    2.261305031446541,
    2.299548872180451,
    2.31868501529052,
    2.34893536121673,
    2.357660984848485,
    2.3640624999999997,
    2.4101601830663615,
    2.437104930467762,
    2.5129243119266054,
    2.5240042826552465,
    2.596896551724138,
    2.6198695652173916,
    2.643742937853107,
    2.7066203703703704,
    2.709756097560976,
    2.7279605263157896,
    2.746101694915254,
    2.777603195739015,
    2.805823529411765,
    2.8679980332085178,
    2.9253258145363406,
    2.93003663003663,
    2.9716964285714287,
    3.0106389301634473,
    3.074356435643564,
    3.115,
    3.166298406791487,
    3.226020408163265,
    3.2630931458699473,
    3.317883211678832,
    3.374711111111111,
    3.420105263157895,
    3.520393081761006,
    3.552417061611374,
    3.5898933333333334,
    3.635971107544141,
    3.712434607645875,
    3.767807807807808,
    3.8751063829787236,
    3.920291262135922,
    4.014656862745098,
    4.121551724137931,
    4.209466666666667,
    4.310276816608996,
    4.430536480686696,
    4.548609022556391,
    4.660085653104925,
    4.756851063829787,
    4.8765789473684205,
    5.017137546468401,
    5.20068,
    5.307029972752043,
    5.413333333333333,
    5.520412844036698,
    5.6570347003154575,
    5.86997084548105,
    6.14769028871391,
    6.283459162663006,
    6.550214067278287,
    6.7061559139784945,
    7.1234375,
    7.54445,
    7.733526011560694,
    7.991289198606272,
    8.188571428571429,
    8.580509090909091,
    8.892448979591837,
    9.388060836501902,
    9.805,
    10.896779661016948,
    11.448045977011494,
    12.428588235294118,
    13.141444444444444,
    14.2035,
    15.45641975308642,
    16.304172185430463,
    17.79611111111111,
    19.469795918367346,
    22.905514018691587,
    26.70380952380952,
    33.64478260869565,
    37.85242424242425,
    45.25961538461539,
    75.52714285714286,
    120.30999999999999,
    167.372
  ],
  "num_cases": 1000,
  "spd_per_mi_range": [
    0.015268817204301075,
    296.5142857142857
  ],
  "model_performance": {
    "r2": 0.23181284409199354,
    "mae": 321.13690435495624,
    "rmse": 412.00875743549807
  },
  "coefficients": [
    688.4949935073287,
    685.3045103315213,
    -300.08026089613867,
    -352.54937324037024,
    -117.13159710833116,
    84.2194170496668
  ]
}